Ref,Val,Package,PosX,PosY,Rot,Side
"C1","1u","C_0805_2012Metric_Pad1.15x1.40mm_HandSolder",11.557000,21.000000,270.000000,top
"C2","47u/6V3 Polymer 0805","C_0805_2012Metric_Pad1.15x1.40mm_HandSolder",13.563600,15.500000,180.000000,top
"R1","1K","R_0603_1608Metric_Pad1.05x0.95mm_HandSolder",9.652000,18.389600,90.000000,top
"R2","1K","R_0603_1608Metric_Pad1.05x0.95mm_HandSolder",9.652000,14.833600,90.000000,top
"R3","1K","R_0603_1608Metric_Pad1.05x0.95mm_HandSolder",9.652000,11.226800,90.000000,top
"R4","1K","R_0603_1608Metric_Pad1.05x0.95mm_HandSolder",11.000000,1.500000,0.000000,top
"R5","1K","R_0603_1608Metric_Pad1.05x0.95mm_HandSolder",9.652000,6.908800,270.000000,top
"R6","1K","R_0603_1608Metric_Pad1.05x0.95mm_HandSolder",11.000000,3.500000,180.000000,top
"R7","100k","R_0603_1608Metric_Pad1.05x0.95mm_HandSolder",15.000000,2.500000,90.000000,top
"U1","ME6209A33M3G","SOT-23W_Handsoldering",14.500000,20.000000,90.000000,top
"U2","LPC811M001JDH16_TSSOP16","TSSOP-16_4.4x5mm_P0.65mm",13.500000,9.500000,90.000000,top
